Москва, Сходненская, 56
Москва, Новоясеневский проспект, 1
Москва, Профсоюзная, 61а
Москва, Маршала Бирюзова, 32
Москва, Профсоюзная, 129а
Москва, Рублёвское шоссе, 62
Москва, Люблинская, 169 к2
Москва, Дмитровское шоссе, 89
Москва, Дубравная, 34
Москва, Вавилова, 3
Москва, Вернадского проспект, 6
Москва, Щёлковское шоссе, 100
Москва, Тушинская, 17
Москва, Пришвина, 26
Москва, Ореховый бульвар, 15
Москва, Кронштадтский бульвар, 7
Москва, Ленинская Слобода, 26
Москва, Вернадского проспект, 14а
Москва, Большая Декабрьская, 3 ст1
Москва, Смоленская площадь, 3
Москва, Смольная, 24а
Москва, Холодильный переулок, 3
Москва, Пресненская набережная, 12
Москва, МКАД 71 км, 16 ст1
Москва, Лобненская, 4а
Москва, Ленинградский проспект, 31а ст1
Москва, Волоколамское шоссе, 73
Москва, Дмитровское шоссе, 100 ст2
Москва, Краснопресненская набережная, 12
Москва, Киевское шоссе 22 км, вл 4 блок А,Б,В,Г,Д,Е
Москва, Андропова проспект, 22
Москва, Академика Королёва, 13
Москва, Ярославское шоссе, 19
Москва, Озёрная, 42
Москва, Кулакова, 20
Москва, Варшавское шоссе, 125
Москва, Новинский бульвар, 31
Москва, Профсоюзная, 102 к1
Москва, Покрышкина, 4
Москва, Кировоградская, 14
Москва, Измайловское шоссе, 71а
Москва, Балаклавский проспект, 5а
Москва, Боровское шоссе, 6
Москва, Пресненская набережная, 10 блок С
Москва, Миклухо-Маклая, 32а
Москва, Днепропетровская, 2
Москва, Иркутская, 11 к1,2,5
Москва, Кантемировская, 58
Москва, Дербеневская набережная, 11 ст1
Москва, Кусковская, 20а кА,В,Г
Москва, Тверская, 7
Москва, Полковая, 3 ст1,2,4,6,9,14
Москва, Мира проспект, 105
Москва, Рощинская 2-я, 4
Москва, Новый Арбат, 19
Москва, Дмитровское шоссе, 161Б
Москва, Марксистская, 3 ст1
Москва, Большая Семёновская, 10
Москва, Бирюлёвская, 51
Москва, Складочная, 1
Москва, Новокуркинское шоссе, 1
Москва, Сигнальный проезд, 17
Москва, Менжинского, 32
Москва, Парковая 9-я, 62
Москва, Енисейская, 19 к1
Москва, Кантемировская, 47
Москва, Зелёный проспект, 62Д
Москва, Литовский бульвар, 22
Москва, Алтуфьевское шоссе, 86 к1
Москва, Щёлковское шоссе, 100 к1,2,3,4,5,6,7,8,10,20,54,102,108
Москва, Хлебозаводский проезд, 7 к9
Москва, Зелёный проспект, 20
Москва, Лесная, 43
Москва, Дмитровское шоссе, 100 к2, к2 ст2,3
Москва, Земляной Вал, 9
Москва, Люблинская, 151
Москва, Бутлерова, 17Б
Москва, Строгинский бульвар, 1
Москва, Таганская, 1
Москва, Пятницкое шоссе, 43
Москва, Нагатинская, 16
Москва, Профсоюзная, 3
Москва, Профсоюзная, 118
Москва, Марьиной Рощи 3-й проезд, 40
Москва, Ивантеевская, 25а
Москва, Измайловское шоссе, 73ж
Москва, Волоколамское шоссе, 2
Москва, Боровское шоссе, 51 вл 1 ст1
Москва, Вернадского проспект, 41 к3
Москва, Чермянский проезд, 7
Москва, Полярная, 39
Москва, Рабочая, 93 ст2
Москва, Остаповский проезд, 5
Москва, Подольское шоссе, 8
Москва, Научный проезд, 8 ст1
Москва, Русаковская, 13
Москва, Рязанский проспект, 24 к2
Москва, Пресненская набережная, 10
Москва, Нижняя Красносельская, 40/12 к1,2,3,4,6,7,8,10,11,12,16,17,20,21
Москва, Гамсоновский переулок, 2 ст1,2,3,4,7,9,10,12,13
Москва, Лубянский проезд, 15 ст2
Москва, Киевская, 7 к1-3
Москва, Беговая, 3 ст1
Москва, Большая Новодмитровская, 14, 14 ст1,2,3,7, к4
Москва, Стратонавтов проезд, 9 к2
Москва, Хорошёвское шоссе, 35 к1
Москва, Шаболовка, 10 к2
Москва, Шарикоподшипниковская, 11
Москва, Широкая, 13а
Москва, Скотопрогонная, 29
Москва, Образцова, 7
Москва, Нижегородская, 50
Москва, Семёновский переулок, 15
Москва, Матвеевская, 20 к3
Москва, Маршала Катукова, 25
Москва, Митинская, 39
Москва, Новая Басманная, 10
Москва, Народного Ополчения, 47 к1
Москва, Пыжевский переулок, 5
Москва, Образцова, 14
Москва, Осенняя, 23
Москва, Дмитровское шоссе, 100
Москва, Домодедовская, 28
Москва, Ленинградский проспект, 80
Москва, Зеленодольская, 44
Москва, Коровий Вал, 1 к2а
Москва, Лианозовский проезд, вл1
Москва, Гримау, 10
Москва, Большая Черкизовская, 125
Москва, Бутлерова, 12
Москва, Варшавское шоссе, 39, 39Б
Москва, Бескудниковский бульвар, 12
Москва, Василия Петушкова, 8
Москва, Цветной бульвар, 2
Москва, Угрешская, 2 (все строения)
Москва, Тимирязевская, 1
Москва, Суздальская, 18г
Москва, Хачатуряна, вл15Б
Москва, Снежная, 26
Москва, Ряжская, 13 к1
Москва, Народного Ополчения, 46 к1
Москва, Производственная, 6
Москва, МКАД 47 км, ст21
Москва, Огородный проезд, 20 ст 1, 4, 5, 9, 21, 27, 38
Москва, Россошанский проезд, 3
Москва, Куликовская, 6
Москва, Костромская, 17
Москва, Люсиновская, 36 ст1
Москва, Кировоградская, 24а
Москва, Ленинградский проспект, 47 ст2,3
Москва, Волоколамское шоссе, 142
Москва, Красного Маяка, 15а ст1
Москва, Кантемировская, 6 к1
Москва, Высоковольтный проезд, 1 ст49
Москва, Боровское шоссе, 35
Москва, Брестская 2-я, 8
Москва, Авиамоторная, 12
Москва, Барклая, 6 ст3
Москва, Бутырский Вал, 68/70 ст1,4,5,6
Москва, Варшавское шоссе, 125ж к5,6,7
Москва, Большая Семёновская, 40 ст 1-5, 13, 18, 25-28, 30, 31
Москва, Авиаконструктора Микояна, 12
Москва, Академика Варги, 8 к1
Москва, Ярцевская, 34 ст1
Москва, Хохловский переулок, 7-9 ст2
Москва, Строгинский бульвар, 1 к2
Москва, Скаковая, 36
Москва, Сретенка, 27 ст1
Москва, Электродная, 11 ст 1-19, 9а, 9 ст 1-3,5,6
Москва, Электродная, 13
Москва, Часовая, 28
Москва, Энтузиастов шоссе, 5
Москва, Ярцевская, 22
Москва, Нагатинский 1-й проезд, 15
Москва, Правды, 26
Москва, Одоевского проезд, 2а
Москва, Нагатинская, 1 к1
Москва, Рябиновая, 44
Москва, Садовая-Кудринская, 11
Москва, Мира проспект, 176
Москва, Осенний бульвар, 23
Москва, Пресненская набережная, 10 блок В
Москва, Научный проезд, 10
Москва, Просторная, 7
Москва, Маршала Бирюзова, 1, 1 к1,2,3,8,11,14
Москва, Миклухо-Маклая, 18 к2
Москва, Нахимовский проспект, 20а
Москва, Мусы Джалиля, 6 к2
Москва, Новоданиловская набережная, 4а
Москва, Рябиновая, 41 к1
Москва, Перова Поля 2-й проезд, 9
Москва, Мытищинская 3-я, 16 к60
Москва, Саввинская набережная, 15
Москва, Садовая-Спасская, 20
Москва, Мира проспект, 69
Москва, Докукина, 16 ст1,3,4
Москва, Кожевнический 2-й переулок, 12 ст2
Москва, Загорьевская, 10 к4
Москва, Голубинская, 28
Москва, Кржижановского, 14 к3
Москва, Кржижановского, 29 к1,2,3,4
Москва, Дербеневская, 1 к1,2,3,4,5,6
Москва, Дербеневская, 20 ст2,7,8,11,12,15,16,18,19,23-27,29,30,33
Москва, Кронштадтский бульвар, 7а
Москва, Малая Филёвская, 13
Москва, Динамовская, 1а
Москва, Зубовский бульвар, 4
Москва, Ленинский проспект, 32а
Москва, Дубининская, 53 ст5
Москва, Лесная, 5
Москва, Летниковская, 10 ст2
Москва, Дмитрия Ульянова, 42
Москва, Колодезный переулок, 14
Москва, Дмитровское шоссе, 27
Москва, Ленинградский проспект, 37 к3
Москва, Дмитровское шоссе, 60
Москва, Долгоруковская, 23а ст1
Москва, Люсиновский 1-й переулок, 3Б
Москва, Магистральная 3-я, 30
Москва, Ленинградский проспект, 80 кГ
Москва, Марксистская, 22
Москва, Киевское шоссе 22 км, 6 ст1
Москва, Каширское шоссе, 24 ст15
Москва, Варшавское шоссе, 26 ст2,4,10
Москва, Большая Дмитровка, 9
Москва, Бутырский Вал, 5
Москва, Варшавское шоссе, 118 к1
Москва, Варшавское шоссе, 36
Москва, Варшавское шоссе, 47 к4
Москва, 1905 года, 7
Москва, 8 Марта 4-я, 6а
Москва, Авиамоторная, 10 к1
Москва, Автозаводский 1-й проезд, 4 к1
Москва, Академика Королёва, 19
Москва, Валовая, 28
Москва, Арбат, 1
Москва, Варшавское шоссе, 37а
Москва, Арбат, 54/2
Москва, Армянский переулок, 9
Москва, Электродная, 8 ст4
Москва, Тверская, 5/6
Москва, Южнопортовая, 5 ст1-6,5,7,2-4-11,8,12,13,15,26
Москва, Шаболовка, 31Г
Москва, Тверская-Ямская 2-я, 18
Москва, Якиманская набережная 2, 2 к1, 4 ст1, /Голутвинский 1-й переулок, 6
Москва, Холодильный переулок, 3 к1, ст2,3,4,6,8
Москва, Сретенский тупик, 2
Москва, Хромова, 36 ст1
Москва, Хуторская 2-я, 38а ст7,8,9,14,15,17,23,25,26
Москва, Смольная, 24д
Москва, Тверская, 16 ст3
Москва, Удальцова, 1а
Москва, Университетский проспект, 12
Москва, Тверская-Ямская 1-я, 6
Москва, Сущёвская, 25,27
Москва, Текстильщиков 8-я, 11
Москва, Шипиловский проезд, 39 к2
Москва, Смольная, 12
Москва, Ферганская, 6 к2
Москва, Тимура Фрунзе, 24
Москва, Щепкина, 42 ст2а
Москва, Сыромятнический 2-й переулок, 1
Москва, Стромынка, 18
Москва, Сыромятнический 4-й переулок, 1/6, 1/8 ст1,2,3,6,7,14,10,12
Москва, Хлебозаводский проезд, 7 ст5
Москва, Николоямская, 54 ст1
Москва, Профсоюзная, 69
Москва, Новгородская, 1, 1 ст1,2,3,4,5,6
Москва, Новинский бульвар, 11
Москва, Новокузьминская 1-я, 10
Москва, Новолесная, 2
Москва, Матросская Тишина, 23/7 ст1
Москва, Радиальная 6-я, 17
Москва, Новослободская, 45
Москва, Мнёвники, 6
Москва, Овчинниковская набережная, 20 ст2
Москва, Последний переулок, 11
Москва, Одесская, 2 кA,В,С
Москва, Маршала Рокоссовского бульвар, 6
Москва, Маши Порываевой, 34
Москва, Пятницкая, 25
Москва, Налесный переулок, 4
Москва, Окская, 13
Москва, Речников, 7
Москва, Самокатная, 2а
Москва, Орликов переулок, 3 ст1
Москва, Маросейка, 2/15 ст1
Москва, Осенняя, 11
Москва, Неопалимовский 2-й переулок, 3
Москва, Покровка, 4
Москва, Правды, 24 ст2
Москва, Пресненская набережная, 4 ст1
Москва, Мира проспект, 61
Москва, Протопоповский переулок, 9
Москва, Научный проезд, 14а ст1,2,3,4,а
Москва, Павловская, 7
Москва, Павловская, 7 ст1
Москва, Марьиной Рощи 17-й проезд, 4 к1
Москва, Расковой, 34 ст14
Москва, Паустовского, 8 к1
Москва, Переведеновский переулок, 18 ст2,3,4,5,6,11
Москва, Нижняя Первомайская, 43а
Москва, Свободы, 89 к5
Москва, Семёновский переулок, 6
Москва, Сигнальный проезд, 6а
Москва, Симферопольский бульвар, 4
Москва, Мажоров переулок, 14
Москва, Востряковский проезд, 10Б ст2
Москва, Звенигородская 2-я, 13 ст37,40,41,42,43
Москва, Земляной Вал, 50а ст3
Москва, Вязовский 1-й проезд, 4 ст1,19
Москва, Гостиничная, 9
Москва, Золоторожский Вал, 22
Москва, Воронцовская, 2/10
Москва, Ленинская Слобода, 26
Москва, Зубарев переулок, 15 к1
Москва, Графский переулок, 9
Москва, Генерала Белобородова, 11
Москва, Илимская, 5 к2
Москва, Иловайская, 3
Москва, Ленинградский проспект, 39 ст79,80
Москва, Ленинградское шоссе, 65к1, 69
Москва, Ленинградское шоссе, 65 ст5
Москва, Дорожная, 60
Москва, Летниковская, 10 ст1,2,4
Москва, Двинцев, 12 к1 блок А
Москва, Двинцев, 12 к1 блок В
Москва, Двинцев, 12 к1 блок С
Москва, Калужское шоссе 23 км, вл14 ст2,3
Москва, Летниковская, 2 ст1,2,3,4
Москва, Лобненская, 21
Москва, Декабристов, 15
Москва, Вятская, 27 ст1-5,7,7а,11-13,15-17,19,20,22,23,27,41,42
Москва, Каширское шоссе, 22 к3
Москва, Магистральная 5-я, 12
Москва, Дербеневская набережная, 7 ст1,4,5,6,8,9,11,13,14,15,16,17,18,22,31
Москва, Кутузовский проспект, 34
Москва, Доброслободская, 2/38
Москва, Клязьминская, 15
Москва, Долгоруковская, 21 ст1
Москва, Ленинградский проспект, 47 ст3
Москва, Ленинградское шоссе, 39а ст1,2,3
Москва, Ленинградское шоссе, 65 ст1,2,3,4,5, 69 к1
Москва, Коломенский проезд, 14
Москва, Коминтерна, 7 к2
Москва, Дорожная, 60, 60Б, 60 ст2,3,9,22, к1,2
Москва, Котляковская, 7
Москва, Красная Пресня, 24
Москва, Лобненская, 14
Москва, Красногвардейский 1-й проезд, 21 ст1,2
Москва, Гоголевский бульвар, 17
Москва, Магистральная 1-я, 13 ст7
Москва, Краснопролетарская, 36
Москва, Кржижановского, 29 к5
Москва, Магистральный 1-й тупик, 10
Москва, Кронштадтский бульвар, 35Б
Москва, Енисейская, 2 ст2
Москва, Дмитровское шоссе, 60а
Москва, Воробьёвское шоссе, 6
Москва, Кульнева, 3 ст1
Москва, Марксистская, 16
Москва, Верхняя Красносельская, 3 к2
Москва, Беловежская, 1 к2
Москва, Бутырская, 75
Москва, 8 Марта, 14
Москва, Вербная, 8 ст1
Москва, Бибиревская, 10 к1
Москва, Варшавское шоссе, 131 к5
Москва, Большая Академическая, 5а
Москва, Большая Грузинская, 71
Москва, Верхняя Радищевская, 7 ст1
Москва, Академика Волгина, 33
Москва, Академика Королёва, 12
Москва, Вавилова, 7
Москва, Варшавское шоссе, 25 ст6
Москва, Большая Ордынка, 44 ст4
Москва, Большая Переяславская, 46 ст2
Москва, Александра Солженицына, 23
Москва, Барклая, 6
Москва, 1905 года, 10
Москва, Большая Семёновская, 11 ст1,2,3,4,5,9,11
Москва, Бутырская, 76 ст 1, 2
Москва, Бутырский Вал, 68/70 ст2
Москва, Большая Сухаревская площадь, 9
Москва, Большая Татарская, 9
Москва, Алтуфьевское шоссе, 22Б
Москва, Бабаевская, 6
Москва, Большая Черкизовская, 6
Москва, Авиамоторная, 10 к2
Москва, Волоколамский 1-й проезд, 10 к1, 10 ст1,3,4,5,12,16
Москва, 26 Бакинских Комиссаров, 8 к2
Москва, Вернадского проспект, 105 к3
Москва, Большой Факельный переулок, 3 ст2
Москва, Борисовские Пруды, 1 к72
Москва, Боровая, 7 ст4
Москва, Бауманская 2-я, 9/23
Москва, Бауманская, 33/2 ст1
Москва, Хорошёвская 3-я, 11
Москва, Щербаковская, 53 к15
Москва, Столярный переулок, 3
Москва, Щёлковское шоссе, 77/79
Москва, Хорошёвское шоссе, 32
Москва, Хвостов 1-й переулок, 11а
Москва, Холодильный переулок, 2
Москва, Усачёва, 10 ст1
Москва, Трофимова, 27 к1
Москва, Хорошёвское шоссе, 38 к1
Москва, Талалихина, 41 ст33
Москва, Чистопрудный бульвар, 11 ст1
Москва, Чистопрудный бульвар, 5
Москва, Талалихина, 41 ст9
Москва, Стекольная 1-я, 7 к7, 13
Москва, Херсонская, 41а
Москва, Шипиловский проезд, 43 к1
Москва, Шоссейная, 1 к1
Москва, Таганская, 15 ст2
Москва, Красная Сосна, 2 к1 ст1
Москва, Мира проспект, 186 к1
Москва, Полярная, 31в
Москва, Переведеновский переулок, 13 ст4
Москва, Профсоюзная, 100а
Москва, Павла Корчагина, 2
Москва, Сельскохозяйственная, 17 к4
Москва, Покровка, 16/16 ст1
Москва, Мира проспект, 102 к1,2,Б, ст1а
Москва, Пречистенка, 40/2 ст3
Москва, Обручева, 34/63 ст1
Москва, Профсоюзная, 82
Москва, Профсоюзная, 84/32 к1
Москва, Прянишникова, 19 ст9
Москва, Онежская, 24
Москва, Пятницкая, 2
Москва, Нагатинская, 31
Москва, Пятницкая, 37
Москва, Нагатинская, 1 ст14
Москва, Мишина, 56 ст2
Москва, Мясницкая, 50
Москва, Новгородская, 25
Москва, Новоясеневский проспект, 1 к1
Москва, Наставнический переулок, 17
Москва, Николоямская, 1
Москва, Николоямская, 62
Москва, Салтыковская, 8
Москва, Петровка, 5
Москва, Петрозаводская, 34
Москва, Народного Ополчения, 43 к2
Москва, Плеханова, 4
Москва, Маршала Полубоярова, 1
Москва, Мясницкая, 48
Москва, Пресненский Вал, 14
Москва, Орликов переулок, 3Б
Москва, Нижегородская, 32
Москва, Орликов переулок, 5
Москва, Молодогвардейская, 7
Москва, Клары Цеткин, 4
Москва, Зеленодольская, 41 к1
Москва, Комсомольский проспект, 16/2
Москва, Донская, 15
Москва, Генерала Тюленева, 25а
Москва, Малая Калужская, 15 ст17
Москва, Генерала Тюленева, 41а
Москва, Дербеневская, 24 ст3
Москва, Ленинградское шоссе, 58 к17
Москва, Магистральный 1-й тупик, 5
Москва, Коровинское шоссе, 1а
Москва, Колодезный переулок, 3 ст 4,17,23
Москва, Кржижановского, 7 к2
Москва, Ленинградское шоссе, 84
Москва, Карпатская 2-я, 4
Москва, Ижорская, 7
Москва, Кулаков переулок, 9а
Москва, Клары Цеткин, 33
Москва, Ленинский проспект, 133
Москва, Лавочкина, 23
Москва, Ленская, 10 к1
Москва, Дорожная, 3 к6
Москва, Коломенский проезд, 10
Москва, Волоколамское шоссе, 95
Москва, Красная Сосна, 24 ст1
Москва, Красноармейская, 11
Москва, Летниковская, 10 ст5
Москва, Краснобогатырская, 38 ст2
Москва, Луков переулок, 4
Москва, Красноворотский проезд, 3 ст1
Москва, Люблинская, 165 к1
Москва, Дмитровское шоссе, 100 ст3
Москва, Дубровская 1-я, 13а ст1
Москва, Измайловское шоссе, 28
Москва, Лётчика Бабушкина, 1 к1
Москва, Земляной Вал, 59 ст2
Москва, Давыдковская, 3 ст2
Москва, Земляной Вал, 36
Москва, Зюзинская, 3
Москва, Кетчерская, 16
Москва, Ленинградский проспект, 23
Москва, Кржижановского, 17 к1
Москва, Киевская, 14, 14 ст4
Москва, Большая Черкизовская, 21 ст1
Москва, Большая Якиманка, 31
Москва, Большой Саввинский переулок, 12 ст18
Москва, Верейская, 29 ст32а
Москва, Амурская, 2
Москва, Богородский Вал, 3
Москва, Варшавское шоссе, 45
Москва, Варшавское шоссе, 59а
Москва, Азовская, 35 к3
Москва, Бутлерова, 7
Москва, Авиамоторная, 44 ст1
Москва, Авиамоторная, 55 к31
Москва, Авиационная, 69
Москва, Вавилова, вл9а ст6
Москва, Автозаводская, 19 к1
Москва, Варшавское шоссе, 122а
Москва, Обручева, 11
Москва, Ореховый бульвар, 14 к3
Москва, Люблинская, 4 к1,2, 4б
Москва, Академика Пилюгина, 22
Москва, Варшавское шоссе, 125 ст1
Москва, Вишнёвая, 9
Москва, Алтуфьевское шоссе, 33Г
Москва, Волочаевская, 5 к1
Москва, Энтузиастов 2-я, 5 к6
Москва, Коровинское шоссе, 41
Москва, Большая Пионерская, вл1/17 ст1,2,3
Москва, Поклонная, 3, 3 к1-4
Москва, Спартаковская площадь, вл10 ст10,12-12А,14
Москва, Московский п, Саларьево д, 22/2
Москва, Сторожевая, 26
Москва, Якиманский переулок, 6
Москва, Рогожский Вал, 11-13
Москва, Каширское шоссе, 41
Москва, Спиридоновка, 14
Москва, Фрезер проезд, 2
Москва, Шарикоподшипниковская, 11 ст7
Москва, Электролитный проезд, 9
Москва, Энтузиастов шоссе, 23
Москва, Средняя Калитниковская, 28с4-5
Москва, Стахановская, 19
Москва, Ступинский проезд, 5
Москва, Чаянова, 15
Москва, Нижний Кисельный переулок, 4
Москва, Потаповский переулок, 5 ст4
Москва, Рябиновая, 46с1
Москва, Малыгина, 2 к2
Москва, Мелитопольская, 1/2 ст4
Москва, Менжинского, 40
Москва, Миклухо-Маклая, 8/2
Москва, Красноказарменная, 14 ст13
Москва, Кронштадский бульвар, 14
Москва, Ленинский проспект, 31
Москва, Мира проспект (ВДНХ), пав 16,18,68,69,70,75
Москва, Клинская, 6 ст1
Москва, Котляковская, 5
Москва, Зорге, 28 к1
Москва, Зубовский бульвар, 27/26 ст3
Москва, Институтский переулок, 2/1
Москва, Каспийская, 22
Москва, Каширское шоссе, 33
Москва, Газопровод, 6Г
Москва, Героев Панфиловцев, 10
Москва, Гранатный переулок, 12
Москва, Делегатская, 5А ст3, 5 ст1, 3 ст4
Москва, Дербеневская, 11 ст1
Москва, Весковский переулок, 3
Москва, Вольная, 35
Москва, Высокая, 8
Москва, Вятская, 35
Москва, Архитектора Власова, 6
Москва, Беловежская, 4
Москва, Большая Коммунистическая, 18
Москва, Алтуфьевское шоссе, 43к2
Москва, Амурская, 1
Москва, Андреевская набережная, 2
Москва, Хуторская 2-я, 38А ст1
Москва, Ямская 2-я, 9
Москва, Силикатный 3-й проезд, 4 к1
Москва, Парковая 3-я, 29А
Москва, 8 Марта, вл1с12
Москва, Волконский 1-й переулок, 11 ст2
Москва, Голутвинский 1-й переулок, 3
Москва, Магистральный 1-й тупик, 11 ст1-5, 9, 10
Москва, Магистральная 1-я, 16 ст1
Москва, Южнопортовый 2-й проезд, вл16,18,20,27
Москва, Звенигородская 2-я, 12 ст3
Москва, Тверская-Ямская 1-я, 14
Москва, Профсоюзная, 71
Москва, Стахановская, 18ст1
Москва, Пречистенка, 38
Москва, Можайский Вал, вл8
Москва, Энтузиастов бульвар, 2
Москва, Сущёвский вал, 26
Москва, Ходынский бульвар, 4
Москва, Большая Татарская, 5
Москва, Шарикоподшипниковская, 11 ст9
Москва, Лужники, 24, ст2,3,3а,5,7,9,12,15-32
Москва, Боровая, 7 ст10
Москва, Ясногорская, 7 ст1
Москва, Олимпийский проспект, 16 ст1,2
Москва, Автозаводская, 21 к1
Москва, Зеленоград, к2309А
Москва, Авиамоторная, 69
Москва, Большая Черкизовская, 5 к8
Москва, Первомайское пос, Ивановское д
Москва, в районе Румянцево д, уч 17/2М
Москва, Зубовский бульвар, 11а
Москва, Академика Илюшина, 9
Москва, Елецкая, 15
Москва, Новорижское шоссе 23 км, вл2 ст1
Москва, Радиальная 11-я, 2
Москва, Стасовой, 4
Москва, Очаковское шоссе, 42с16
Москва, Никопольская, 6
Москва, Верхние поля, 18 ст9
Москва, Хорошёвское шоссе, 32 к1
Москва, Хорошёвское шоссе, 27, 33/1
Москва, Неманский проезд, 4к2
Москва, Ижорская, 8
Москва, Радиальная 9-я, 2
Москва, Лобачевского, 27
Москва, Поликарпова, 23а, 23б
Москва, Лялин переулок, 19 к1
Москва, Производственная, 25
Москва, Усачёва, 62 ст1
Москва, Карачаровская 3-я, 18а
Москва, Озёрная, 46 ст1,2,7
Москва, Можайское шоссе, 31
Москва, Авиационная, 68ст5
Москва, Большая Переяславская, 16
Москва, Большая Переяславская, 66 ст1
Москва, Большая Якиманка, 32
Москва, Будайская, 2
Москва, Гостиничная, 9 к4
Москва, Доброслободская, 3
Москва, Ижорская, 6
Москва, Краснопрудный переулок, 7
Москва, Ленинский проспект, 121
Москва, Ленинский проспект, 158
Москва, Лубянский проезд, 19 ст1
Москва, Магистральная 5-я, 15
Москва, Нижний Кисловский переулок, 5
Москва, Николоямская, 52 ст2
Москва, Проектируемый 4386-й проезд, 10
Москва, Профсоюзная, 108
Москва, Профсоюзная, 104
Москва, Пуговишников переулок, 11
Москва, Саввинская набережная, 23 ст1
Москва, Сельскохозяйственная, 15к1
Москва, Сколковское шоссе, 1
Москва, Сретенка, 24/2 ст1
Москва, Сущёвский вал, 1
Москва, Троицкий 2-й переулок, 3
Москва, Ферганская, 8 к2
Москва, Хорошёвская 3-я, 13
Москва, Хорошёвское шоссе, 12а
Москва, Яковоапостольский переулок, 12ст1
Москва, Леонтьевский переулок, 4 ст1,2
Москва, Больша Якиманка, 15/20
Москва, Ферганская, 8-10
Москва, Чечёрский проезд, 51
Москва, Троицк, Калужское шоссе, 13Б
Москва, Гиляровского, 31 ст2
Москва, Генерала Дорохова, 12
Москва, Каширский проезд, 17
Москва, Нахимовский проспект, 58
Москва, Мелитопольская, 7
Москва, Новочерёмушкинская, 58
Москва, Новочерёмушкинская, 65
Москва, Криворожская, 17а
Москва, Криворожская, 21/3
Москва, Палиха, 10 ст5
Москва, Остаповский проезд, 22 ст16
Москва, Полярная, 37а
Москва, Долгопрудненское шоссе, 3
Москва, Декабристов, 27
Москва, Сикорского, 11
Москва, Настасьинский переулок, 7
Москва, Нобеля, 1
Москва, Генерала Белобородова, 14 к1
Москва, Кавказский бульвар, 26
Москва, Маршала Катукова, 23
Москва, Миллионная, 11 к2
Москва, Митинская, 44
Москва, Пятницкое шоссе, 8
Москва, Миклухо-Маклая, 18 к3
Москва, Шмитовский проезд, 18а ст 1
Москва, Варшавское шоссе, 37
Москва, Авиаконструктора Миля, вл7
Москва, Новорязанская, 26 ст1
Москва, Люблинская, 96
Москва, Малевича (территория ИЦ Сколково), 1
Москва, Нобеля (территория ИЦ Сколково), 5
Москва, Нобеля (территория ИЦ Сколково), 7
Москва, Большой бульвар (территория ИЦ Сколково), 42 ст1
Москва, Московский п, Саларьево д, вл 7
Москва, Варшавское шоссе, 125 ст1 ЦОД
Москва, Автозаводская, 11
Москва, Московский, Хабарова, 2
Москва, Угличская, 16
Москва, Смоленская площадь, 6
Москва, Свободы, 48 ст1
Москва, Северное Чертаново м-н, 5
Москва, Острякова, 3
Москва, Нагатинский бульвар, 6А
Москва, Милашенкова, 4 ст7
Москва, Мира проспект, 114Б ст2
Москва, Яна Райниса бульвар, 41
Москва, Ленинский проспект, 2А
Москва, Костомаровский переулок, 3 ст4
Москва, Краснопресненская набережная, 14
Москва, Кутузовский проспект, 57
Москва, Киевское шоссе 23 км, 8 ст1
Москва, Игарский проезд, 11
Москва, Каргопольская, 18 ст1
Москва, Донской 2-й проезд, 10, 10 ст2,3,4
Москва, Горчакова, 11
Москва, Воротынская, 18
Москва, Генерала Карбышева бульвар, 8 ст3
Москва, Витебская, 9
Москва, Вернадского проспект, 86А
Москва, Берзарина, 36 ст2
Москва, Атарбекова, 4
Москва, Аэропорта проезд, 8
Москва, Автозаводская, 18
Москва, Пресненский вал, 14 ст3
Москва, Садовая-Кудринская, 32а ст9 @мт
Москва, Ткацкая, 17 ст2 @мт
Москва, Семёновский переулок, 11 @мт
Москва, Селезнёвская, 32
Москва, Пермская, 1 ст1,5,7-8,9,15,17,18,19,23,25
Москва, Большая Внуковская, 8
Москва, Академика Арцимовича, 6
Москва, Электрозаводская, 14 ст1
Москва, Котельническая набережная, 29